Channel 1,Channel 2,Channel 3,Channel 4
0,0,0,0
0,0,0,0
1.24,0,1.24,9.255
2.37,0,2.37,18.698
3.51,0,3.51,29.119
4.63,0,4.63,40.517
5.76,0,5.76,53.196
6.89,0,6.89,66.542
8.02,0,8.02,80.554
9.15,3.52,5.63,69.99
10.27,3.52,6.75,83.802
11.39,3.52,7.88,97.967
12.51,7.03,5.48,88.159
13.63,7.03,6.6,100
14.75,7.03,7.72,100
15.86,7.03,8.83,100
16.98,10.55,6.43,100
18.08,10.55,7.54,100
19.19,14.06,5.13,100
20.29,14.06,6.23,100
21.39,14.06,7.33,100
22.49,17.58,4.91,100
23.58,17.58,6.01,100
24.67,17.58,7.1,100
25.76,21.09,4.67,100
26.84,21.09,5.75,100
27.92,24.61,3.31,100
28.99,24.61,4.38,100
30.06,24.61,5.45,100
31.12,28.12,3,100
32.18,28.12,4.06,100
33.24,28.12,5.11,100
34.28,31.64,2.64,100
35.33,31.64,3.69,100
36.36,31.64,4.72,100
37.4,35.16,2.24,100
38.42,35.16,3.27,100
39.44,38.67,0.77,100
40.46,38.67,1.78,100
41.46,38.67,2.79,100
42.46,42.19,0.28,100
43.46,38.67,4.78,100
44.44,42.19,2.26,100
45.42,45.7,-0.28,100
46.4,45.7,0.69,100
47.36,49.22,-1.86,100
48.32,49.22,-0.9,100
49.27,49.22,0.05,100
50.21,49.22,0.99,100
51.15,52.73,-1.59,100
52.07,52.73,-0.66,100
52.99,52.73,0.26,100
53.9,56.25,-2.35,100
54.8,56.25,-1.45,100
55.7,59.77,-4.07,100
56.58,59.77,-3.19,100
57.45,59.77,-2.31,100
58.32,63.28,-4.96,100
59.18,63.28,-4.1,100
60.03,63.28,-3.26,100
60.86,66.8,-5.93,92.078
61.69,66.8,-5.11,93.056
62.51,70.31,-7.8,70.051
63.32,70.31,-6.99,69.262
64.12,70.31,-6.2,69.102
64.91,70.31,-5.41,69.254
65.68,73.83,-8.14,43.249
66.45,73.83,-7.38,41.863
67.21,73.83,-6.62,41.065
67.96,77.34,-9.39,15.912
68.69,77.34,-8.65,13.211
69.42,77.34,-7.93,11.374
70.13,77.34,-7.21,9.779
70.84,77.34,-6.51,8.723
71.53,80.86,-9.33,-17.655
72.21,80.86,-8.65,-20.718
72.88,80.86,-7.98,-23.274
73.54,80.86,-7.32,-25.03
74.18,80.86,-6.68,-26.605
74.82,77.34,-2.53,-3.077
75.44,80.86,-5.42,-28.04
76.05,80.86,-4.81,-28.226
76.65,80.86,-4.21,-27.665
77.24,80.86,-3.62,-26.98
77.81,80.86,-3.05,-25.876
78.37,80.86,-2.49,-24.059
78.92,80.86,-1.94,-22.15
79.46,80.86,-1.4,-19.857
79.98,80.86,-0.88,-16.886
80.5,80.86,-0.36,-13.857
81,80.86,0.14,-10.478
81.48,80.86,0.62,-6.455
81.96,77.34,4.61,22.83
82.42,80.86,1.56,4.087
82.86,77.34,5.52,36.127
83.3,77.34,5.96,43.524
83.72,77.34,6.38,51.506
84.13,77.34,6.79,60.061
84.52,77.34,7.18,68.262
84.91,77.34,7.56,77.013
85.27,80.86,4.42,61.671
85.63,80.86,4.77,69.349
85.97,80.86,5.11,76.32
86.3,80.86,5.44,83.181
86.61,80.86,5.75,90.226
86.91,80.86,6.05,97.137
87.2,84.37,2.83,77.138
87.47,84.37,3.1,81.61
87.73,84.37,3.36,86.217
87.98,87.89,0.09,63.876
88.21,87.89,0.32,65.665
88.43,87.89,0.54,67.551
88.63,91.41,-2.78,44.283
88.82,91.41,-2.59,43.583
89,91.41,-2.41,42.638
89.16,91.41,-2.25,41.741
89.3,94.92,-5.62,15.946
89.44,94.92,-5.48,12.058
89.56,94.92,-5.37,8.181
89.66,94.92,-5.26,4.303
89.75,94.92,-5.17,0.412
89.83,98.44,-8.61,-28.746
89.89,98.44,-8.55,-35.142
89.94,98.44,-8.5,-42.2
89.97,98.44,-8.46,-49.321
89.99,98.44,-8.44,-56.517
90,98.44,-8.44,-63.801
89.99,98.44,-8.45,-70.881
89.97,98.44,-8.47,-78.378
89.93,94.92,-4.99,-59.845
89.88,94.92,-5.04,-64.553
89.82,94.92,-5.11,-69.411
89.74,94.92,-5.19,-74.43
89.64,91.41,-1.76,-53.468
89.53,91.41,-1.87,-55.796
89.41,91.41,-1.99,-58.323
89.28,87.89,1.39,-35.82
89.13,87.89,1.24,-36.034
88.96,87.89,1.07,-36.177
88.78,87.89,0.89,-36.566
88.59,84.37,4.22,-12.28
88.38,84.37,4.01,-10.147
88.16,84.37,3.79,-8.297
87.93,84.37,3.55,-6.741
87.68,80.86,6.82,19.444
87.42,80.86,6.56,21.902
87.14,80.86,6.28,25.251
86.85,80.86,6,28.564
86.55,80.86,5.69,31.524
86.23,80.86,5.37,34.12
85.9,80.86,5.04,36.34
85.56,80.86,4.7,38.173
85.2,80.86,4.34,39.607
84.83,80.86,3.97,40.632
84.45,80.86,3.59,41.236
84.05,80.86,3.19,41.407
83.64,80.86,2.78,41.135
83.21,80.86,2.35,40.408
82.78,80.86,1.92,38.912
82.33,80.86,1.47,37.244
81.86,84.37,-2.51,8.323
81.39,84.37,-2.99,2.924
80.9,84.37,-3.48,-3.288
80.39,84.37,-3.98,-9.714
79.88,84.37,-4.5,-16.976
79.35,80.86,-1.51,-0.147
78.81,84.37,-5.56,-32.823
78.26,84.37,-6.12,-41.735
77.69,84.37,-6.68,-51.218
77.12,84.37,-7.26,-61.282
76.53,84.37,-7.85,-71.937
75.93,84.37,-8.45,-83.192
75.31,84.37,-9.06,-95.058
74.69,84.37,-9.69,-100
74.05,80.86,-6.81,-94.504
73.4,80.86,-7.46,-100
72.74,80.86,-8.12,-100
72.07,77.34,-5.27,-100
71.39,77.34,-5.96,-100
70.69,77.34,-6.65,-100
69.99,73.83,-3.84,-100
69.27,73.83,-4.56,-100
68.54,73.83,-5.28,-100
67.81,70.31,-2.51,-100
67.06,70.31,-3.26,-100
66.3,66.8,-0.5,-97.822
65.53,66.8,-1.27,-100
64.75,66.8,-2.05,-100
63.96,63.28,0.67,-92.298
63.16,63.28,-0.13,-97.635
62.34,63.28,-0.94,-100
61.52,59.77,1.76,-83.857
60.69,59.77,0.93,-88.473
59.85,59.77,0.09,-93.879
59,56.25,2.75,-73.625
58.15,56.25,1.9,-77.586
57.28,52.73,4.54,-57.73
56.4,52.73,3.67,-61.188
55.52,52.73,2.78,-64.558
54.62,52.73,1.89,-68.456
53.72,49.22,4.5,-47.649
52.81,49.22,3.59,-50.488
51.89,49.22,2.67,-53.874
50.96,45.7,5.25,-33.795
50.02,45.7,4.32,-36.159
49.08,45.7,3.37,-39.088
48.13,42.19,5.94,-18.57
47.17,42.19,4.98,-21.733
46.2,42.19,4.01,-24.563
45.23,42.19,3.04,-28.287
44.24,42.19,2.06,-32.908
43.26,38.67,4.58,-12.277
42.26,38.67,3.59,-15.965
41.26,38.67,2.59,-20.259
40.25,38.67,1.58,-25.471
39.24,38.67,0.56,-31.606
38.22,38.67,-0.46,-38.361
37.19,38.67,-1.48,-44.216
36.16,35.16,1,-25.767
35.12,35.16,-0.04,-32.58
34.07,35.16,-1.08,-40.335
33.02,35.16,-2.13,-49.036
31.97,31.64,0.33,-33.447
30.91,31.64,-0.73,-41.304
29.84,31.64,-1.8,-49.812
28.78,31.64,-2.86,-58.973
27.7,28.12,-0.42,-44.771
26.62,28.12,-1.5,-55.248
25.54,28.12,-2.58,-64.556
24.45,28.12,-3.67,-74.833
23.36,24.61,-1.24,-60.841
22.27,24.61,-2.34,-70.012
21.17,24.61,-3.44,-80.159
20.07,24.61,-4.54,-90.672
18.97,21.09,-2.13,-76.009
17.86,21.09,-3.23,-86.04
16.75,21.09,-4.34,-96.748
15.64,17.58,-1.94,-81.673
14.52,17.58,-3.05,-91.602
13.41,17.58,-4.17,-100
12.29,14.06,-1.77,-86.732
11.17,14.06,-2.9,-96.565
10.04,10.55,-0.5,-82.45
8.92,10.55,-1.63,-91.204
7.79,10.55,-2.75,-100
6.67,7.03,-0.37,-86.432
5.54,7.03,-1.49,-95.095
4.41,7.03,-2.62,-100
3.28,7.03,-3.75,-100
2.15,3.52,-1.37,-98.092
1.02,3.52,-2.5,-100
-0.11,0,-0.11,-89.883
-1.24,0,-1.24,-98.346
-2.37,-3.52,1.14,-81.938
-3.51,-3.52,0.01,-89.309
-4.63,-3.52,-1.12,-97.656
-5.76,-7.03,1.27,-79.602
-6.89,-7.03,0.14,-86.846
-8.02,-10.55,2.53,-70.431
-9.14,-10.55,1.4,-78.395
-10.27,-10.55,0.28,-85.799
-11.39,-10.55,-0.84,-93.556
-12.51,-14.06,1.55,-76.425
-13.63,-14.06,0.43,-83.356
-14.75,-14.06,-0.69,-90.936
-15.86,-17.58,1.72,-74.229
-16.97,-17.58,0.6,-80.965
-18.08,-17.58,-0.51,-88.34
-19.19,-21.09,1.9,-71.112
-20.29,-21.09,0.8,-77.621
-21.39,-21.09,-0.3,-85.064
-22.49,-24.61,2.12,-67.892
-23.58,-21.09,-2.49,-98.768
-24.67,-24.61,-0.06,-81.612
-25.76,-28.12,2.37,-63.542
-26.84,-28.12,1.29,-69.488
-27.92,-28.12,0.21,-76.341
-28.99,-31.64,2.65,-59.467
-30.06,-31.64,1.58,-65.068
-31.12,-31.64,0.52,-71.562
-32.18,-35.16,2.98,-54.313
-33.23,-35.16,1.92,-59.524
-34.28,-35.16,0.87,-65.61
-35.33,-35.16,-0.17,-72.565
-36.36,-38.67,2.31,-53.62
-37.39,-38.67,1.28,-59.246
-38.42,-38.67,0.25,-65.724
-39.44,-42.19,2.75,-45.977
-40.45,-42.19,1.73,-51.088
-41.46,-45.7,4.24,-32.402
-42.46,-42.19,-0.27,-63.19
-43.45,-45.7,2.25,-43.707
-44.44,-45.7,1.26,-48.75
-45.42,-45.7,0.28,-54.903
-46.39,-49.22,2.83,-36.308
-47.36,-49.22,1.86,-41.302
-48.32,-49.22,0.9,-46.773
-49.27,-49.22,-0.05,-53.019
-50.21,-52.73,2.52,-33.878
-51.14,-52.73,1.59,-38.599
-52.07,-52.73,0.66,-44.072
-52.99,-52.73,-0.25,-50.289
-53.9,-56.25,2.35,-31.39
-54.8,-56.25,1.45,-36.017
-55.69,-56.25,0.56,-41.362
-56.58,-56.25,-0.33,-47.417
-57.45,-56.25,-1.2,-53.563
-58.32,-59.77,1.45,-33.941
-59.17,-59.77,0.59,-39.022
-60.02,-59.77,-0.26,-44.472
-60.86,-59.77,-1.09,-50.892
-61.69,-63.28,1.59,-31.203
-62.51,-63.28,0.77,-35.876
-63.32,-63.28,-0.03,-41.186
-64.11,-63.28,-0.83,-47.123
-64.9,-66.8,1.89,-27.829
-65.68,-66.8,1.12,-31.943
-66.45,-66.8,0.35,-36.655
-67.21,-66.8,-0.41,-41.956
-67.95,-66.8,-1.16,-47.836
-68.69,-70.31,1.62,-27.214
-69.41,-70.31,0.9,-31.171
-70.13,-70.31,0.18,-35.675
-70.83,-70.31,-0.52,-40.718
-71.52,-70.31,-1.21,-46.289
-72.21,-73.83,1.62,-25.306
-72.87,-73.83,0.95,-28.849
-73.53,-73.83,0.3,-32.887
-74.18,-73.83,-0.35,-37.411
-74.81,-77.34,2.53,-17.17
-75.44,-77.34,1.91,-19.58
-76.05,-77.34,1.3,-22.443
-76.65,-77.34,0.7,-25.747
-77.23,-77.34,0.11,-29.481
-77.81,-77.34,-0.46,-33.634
-78.37,-80.86,2.49,-12.65
-78.92,-80.86,1.94,-15.167
-79.46,-80.86,1.4,-17.458
-79.98,-80.86,0.88,-20.123
-80.49,-80.86,0.37,-23.15
-80.99,-80.86,-0.13,-26.222
-81.48,-80.86,-0.62,-29.939
-81.95,-84.37,2.42,-7.217
-82.41,-84.37,1.96,-8.831
-82.86,-84.37,1.51,-10.748
-83.3,-84.37,1.08,-12.652
-83.72,-84.37,0.66,-14.836
-84.13,-84.37,0.25,-17.288
-84.52,-84.37,-0.15,-19.997
-84.9,-84.37,-0.53,-22.949
-85.27,-84.37,-0.9,-25.829
-85.63,-84.37,-1.25,-29.234
-85.97,-84.37,-1.59,-32.847
-86.3,-84.37,-1.92,-36.351
-86.61,-87.89,1.28,-15.409
-86.91,-87.89,0.98,-16.523
-87.2,-87.89,0.69,-17.795
-87.47,-87.89,0.42,-19.215
-87.73,-87.89,0.16,-20.77
-87.98,-87.89,-0.09,-22.447
-88.21,-87.89,-0.32,-24.235
-88.43,-87.89,-0.53,-25.815
-88.63,-87.89,-0.74,-27.786
-88.82,-87.89,-0.93,-29.83
-88.99,-91.41,2.41,-6.391
-89.16,-87.89,-1.27,-30.428
-89.3,-91.41,2.1,-5.243
-89.44,-91.41,1.97,-4.405
-89.56,-91.41,1.85,-3.579
-89.66,-91.41,1.75,-2.752
-89.75,-91.41,1.65,-1.911
-89.83,-91.41,1.58,-1.044
-89.89,-91.41,1.51,-0.139
-89.94,-91.41,1.47,0.816
-89.97,-91.41,1.43,1.835
-89.99,-91.41,1.41,2.929
-90,-91.41,1.41,4.11
-89.99,-91.41,1.41,5.392
-89.97,-91.41,1.44,6.786
-89.93,-91.41,1.47,8.305
-89.88,-91.41,1.53,9.96
-89.82,-91.41,1.59,11.765
-89.74,-91.41,1.67,13.732
-89.64,-91.41,1.76,15.872
-89.54,-91.41,1.87,18.198
-89.41,-91.41,1.99,20.722
-89.28,-91.41,2.13,23.456
-89.13,-91.41,2.28,26.413
-88.96,-91.41,2.44,29.603
-88.79,-91.41,2.62,33.041
-88.59,-91.41,2.81,36.736
-88.39,-91.41,3.02,40.702
-88.17,-91.41,3.24,44.949
-87.93,-91.41,3.47,49.491
-87.68,-91.41,3.72,54.339
-87.42,-91.41,3.98,59.504
-87.15,-91.41,4.26,64.998
-86.86,-91.41,4.55,70.834
-86.55,-87.89,1.34,50.562
-86.24,-91.41,5.17,78.693
-85.91,-87.89,1.98,58.245
-85.56,-87.89,2.33,62.509
-85.21,-84.37,-0.83,42.236
-84.84,-80.86,-3.98,19.628
-84.45,-84.37,-0.08,46.394
-84.05,-84.37,0.32,49.268
-83.64,-84.37,0.73,52.281
-83.22,-80.86,-2.36,30.202
-82.78,-80.86,-1.92,31.693
-82.33,-80.86,-1.47,33.355
-81.87,-80.86,-1.01,35.504
-81.39,-77.34,-4.05,12.91
-80.9,-77.34,-3.56,13.014
-80.4,-77.34,-3.06,13.637
-79.89,-77.34,-2.54,14.789
-79.36,-77.34,-2.02,16.481
-78.82,-77.34,-1.48,18.723
-78.27,-77.34,-0.92,21.525
-77.7,-77.34,-0.36,24.593
-77.13,-73.83,-3.3,2.696
-76.54,-73.83,-2.71,4.189
-75.94,-73.83,-2.11,6.283
-75.32,-73.83,-1.5,9.292
-74.7,-73.83,-0.87,12.615
-74.06,-73.83,-0.23,16.568
-73.41,-73.83,0.41,21.466
-72.75,-73.83,1.07,26.706
-72.08,-73.83,1.75,32.604
-71.4,-73.83,2.43,39.475
-70.7,-73.83,3.12,46.715
-70,-73.83,3.83,54.642
-69.28,-73.83,4.54,63.261
-68.56,-70.31,1.76,45.513
-67.82,-70.31,2.49,52.801
-67.07,-70.31,3.24,60.503
-66.31,-70.31,4,68.934
-65.54,-70.31,4.77,78.101
-64.76,-66.8,2.04,63.078
-63.97,-66.8,2.83,70.691
-63.17,-66.8,3.63,79.371
-62.36,-66.8,4.44,88.513
-61.54,-63.28,1.74,72.277
-60.71,-63.28,2.57,80.234
-59.87,-63.28,3.41,88.677
-59.02,-59.77,0.75,72.679
-58.16,-59.77,1.6,79.675
-57.29,-59.77,2.47,87.485
-56.42,-59.77,3.35,95.809
-55.53,-56.25,0.72,78.194
-54.64,-56.25,1.61,85.433
-53.73,-56.25,2.52,93.511
-52.82,-52.73,-0.09,77.501
-51.9,-52.73,0.83,84.227
-50.97,-52.73,1.76,91.813
-50.04,-49.22,-0.82,74.718
-49.09,-49.22,0.12,80.988
-48.14,-49.22,1.08,88.134
-47.18,-49.22,2.04,95.552
-46.22,-45.7,-0.51,77.703
-45.24,-45.7,0.46,84.766
-44.26,-45.7,1.44,92.422
-43.27,-45.7,2.43,98.541
-42.28,-42.19,-0.09,80.633
-41.28,-42.19,0.91,87.962
-40.27,-38.67,-1.6,70.664
-39.25,-38.67,-0.58,76.782
-38.23,-38.67,0.44,83.826
-37.21,-35.16,-2.05,65.95
-36.17,-35.16,-1.02,71.809
-35.14,-35.16,0.02,78.605
-34.09,-35.16,1.06,86.344
-33.04,-31.64,-1.4,68.263
-31.99,-31.64,-0.35,74.845
-30.93,-31.64,0.71,82.38
-29.86,-31.64,1.78,89.346
-28.8,-28.12,-0.67,71.419
-27.72,-28.12,0.4,78.779
-26.64,-28.12,1.48,87.103
-25.56,-24.61,-0.95,69.934
-24.47,-24.61,0.13,77.142
-23.38,-24.61,1.22,85.322
-22.29,-21.09,-1.2,68.016
-21.19,-21.09,-0.1,75.399
-20.09,-21.09,1,83.454
-18.99,-21.09,2.11,91.572
-17.88,-17.58,-0.3,74.211
-16.77,-17.58,0.81,82.155
-15.66,-17.58,1.92,91.082
-14.54,-14.06,-0.48,73.922
-13.43,-14.06,0.63,81.766
-12.31,-14.06,1.75,90.596
-11.19,-10.55,-0.64,74.256
-10.06,-10.55,0.48,82.006
-8.94,-10.55,1.61,90.743
-7.81,-7.03,-0.78,75.226
-6.69,-7.03,0.34,82.884
-5.56,-7.03,1.47,91.528
-4.43,-7.03,2.6,100
-3.3,-3.52,0.22,85.008
-2.17,-3.52,1.35,93.557
-1.04,-3.52,2.48,100
0.09,0,0.09,86.838
1.22,0,1.22,95.283
2.35,3.52,-1.16,80.383
3.48,3.52,-0.03,88.345
4.61,3.52,1.1,96.674
5.74,7.03,-1.29,80.129
6.87,7.03,-0.16,87.355
8,7.03,0.97,95.552
9.12,10.55,-1.42,77.648
10.25,10.55,-0.3,84.73
11.37,10.55,0.82,92.775
12.49,14.06,-1.57,75.626
13.61,14.06,-0.45,82.539
14.73,14.06,0.67,90.408
15.84,14.06,1.78,97.703
16.95,17.58,-0.62,80.402
18.06,17.58,0.49,88.065
19.17,17.58,1.59,96.67
20.27,21.09,-0.82,79.143
21.37,21.09,0.28,86.568
22.47,24.61,-2.14,70.294
23.56,24.61,-1.05,77.135
24.65,24.61,0.04,84.286
25.74,24.61,1.13,92.355
26.82,28.12,-1.3,74.57
27.9,28.12,-0.23,81.406
28.97,28.12,0.85,89.146
30.04,31.64,-1.6,71.322
31.1,31.64,-0.54,77.8
32.16,31.64,0.52,85.164
33.22,31.64,1.57,93.41
34.26,35.16,-0.89,75.155
35.31,35.16,0.15,82.096
36.34,35.16,1.19,89.9
37.38,38.67,-1.3,72.712
38.4,38.67,-0.27,79.784
39.42,38.67,0.75,87.092
40.43,42.19,-1.75,69.999
41.44,42.19,-0.75,76.233
42.44,42.19,0.25,82.987
43.44,45.7,-2.27,65.625
44.42,45.7,-1.28,71.263
45.4,45.7,-0.3,77.401
46.38,49.22,-2.84,59.708
47.34,49.22,-1.88,64.992
48.3,49.22,-0.92,70.45
49.25,49.22,0.03,76.682
50.19,49.22,0.97,83.072
51.13,52.73,-1.61,63.761
52.05,52.73,-0.68,69.22
52.97,52.73,0.24,75.423
53.88,56.25,-2.37,55.291
54.78,56.25,-1.47,60.21
55.68,56.25,-0.57,65.543
56.56,59.77,-3.2,46.04
57.44,59.77,-2.33,50.038
58.3,59.77,-1.46,54.423
59.16,59.77,-0.61,59.491
60.01,63.28,-3.27,39.995
60.84,63.28,-2.44,43.353
61.67,63.28,-1.61,47.366
62.49,63.28,-0.79,52.027
63.3,66.8,-3.5,32.391
64.1,66.8,-2.7,35.571
64.89,66.8,-1.91,39.065
65.67,66.8,-1.13,43.168
66.44,66.8,-0.36,47.869
67.19,66.8,0.4,50.719
67.94,70.31,-2.37,29.214
68.68,70.31,-1.64,32.601
69.4,70.31,-0.91,36.547
70.12,70.31,-0.2,41.042
70.82,73.83,-3.01,19.005
71.51,73.83,-2.32,21.515
72.19,73.83,-1.64,24.542
72.86,73.83,-0.97,28.076
73.52,73.83,-0.31,32.106
74.17,73.83,0.34,36.011
74.8,77.34,-2.54,14.845
75.42,77.34,-1.92,17.553
76.04,77.34,-1.31,20.407
76.63,77.34,-0.71,23.703
77.22,77.34,-0.12,27.43
77.8,77.34,0.45,31.575
78.36,77.34,1.02,35.824
78.91,77.34,1.57,40.773
79.45,77.34,2.1,45.194
79.97,80.86,-0.89,24.137
80.48,80.86,-0.38,27.158
80.98,80.86,0.12,30.834
81.47,80.86,0.61,34.545
81.94,80.86,1.09,38.582
82.41,80.86,1.55,42.936
82.85,80.86,1.99,47.288
83.29,84.37,-1.09,26.998
83.71,84.37,-0.66,29.177
84.12,84.37,-0.26,31.625
84.52,84.37,0.14,34.329
84.9,84.37,0.52,37.277
85.27,84.37,0.89,40.458
85.62,87.89,-2.27,17.399
85.96,87.89,-1.93,17.958
86.29,87.89,-1.6,18.712
86.61,87.89,-1.29,19.956
86.91,87.89,-0.98,21.067
87.19,87.89,-0.7,22.337
87.47,87.89,-0.42,23.754
87.73,87.89,-0.16,25.306
87.97,91.41,-3.43,1.742
88.2,91.41,-3.2,0.477
88.42,91.41,-2.98,-0.691
88.63,91.41,-2.78,-1.467
88.82,91.41,-2.59,-2.475
88.99,91.41,-2.42,-3.421
89.15,91.41,-2.25,-4.015
89.3,91.41,-2.11,-4.876
89.43,91.41,-1.97,-5.714
89.55,91.41,-1.85,-6.236
89.66,91.41,-1.75,-7.063
89.75,91.41,-1.66,-7.903
89.83,91.41,-1.58,-8.464
89.89,91.41,-1.52,-9.369
89.94,87.89,2.05,14.306
89.97,91.41,-1.43,-11.036
89.99,91.41,-1.41,-12.128
90,91.41,-1.41,-13.003
89.99,91.41,-1.41,-14.283
89.97,91.41,-1.44,-15.675
89.93,91.41,-1.47,-16.886
89.88,91.41,-1.52,-18.54
89.82,91.41,-1.59,-20.342
89.74,91.41,-1.67,-22
89.64,91.41,-1.76,-24.137
89.54,91.41,-1.87,-26.46
89.42,91.41,-1.99,-28.675
89.28,87.89,1.39,-6.776
89.13,91.41,-2.28,-34.053
88.97,91.41,-2.44,-37.239
88.79,91.41,-2.62,-40.672
88.6,91.41,-2.81,-44.058
88.39,91.41,-3.02,-48.018
88.17,91.41,-3.24,-52.261
87.94,87.89,0.05,-30.642
87.69,87.89,-0.2,-32.434
87.43,87.89,-0.46,-34.542
87.15,87.89,-0.74,-36.98
86.86,87.89,-1.03,-39.758
86.56,84.37,2.19,-17.344
86.24,84.37,1.87,-18.093
85.91,84.37,1.54,-18.912
85.57,84.37,1.2,-20.118
85.21,84.37,0.84,-21.417
84.84,80.86,3.98,2.42
84.46,80.86,3.6,3.037
84.06,80.86,3.2,3.221
83.65,80.86,2.79,2.963
83.23,80.86,2.37,2.251
82.79,80.86,1.93,1.074
82.34,80.86,1.48,-0.579
81.88,80.86,1.02,-2.718
81.4,80.86,0.54,-5.355
80.91,80.86,0.05,-8.5
80.41,80.86,-0.45,-12.164
79.9,80.86,-0.96,-16.357
79.37,80.86,-1.49,-21.09
78.83,80.86,-2.03,-26.373
78.28,80.86,-2.58,-32.216
77.71,80.86,-3.15,-38.628
77.14,80.86,-3.72,-45.622
76.55,77.34,-0.8,-27.051
75.95,77.34,-1.4,-32.49
75.33,77.34,-2.01,-38.233
74.71,77.34,-2.63,-44.596
74.07,77.34,-3.27,-51.589
73.43,77.34,-3.92,-59.22
72.77,73.83,-1.06,-41.04
72.09,73.83,-1.73,-47.231
71.41,73.83,-2.42,-53.784
70.72,73.83,-3.11,-61.013
70.01,70.31,-0.3,-42.772
69.3,70.31,-1.02,-48.328
68.57,70.31,-1.74,-54.587
67.83,70.31,-2.48,-61.252
67.08,66.8,0.29,-41.871
66.32,66.8,-0.47,-47.238
65.55,66.8,-1.24,-53.34
64.77,63.28,1.49,-34.948
63.98,63.28,0.7,-39.497
63.18,63.28,-0.1,-44.806
62.37,63.28,-0.91,-50.884
61.55,59.77,1.79,-32.193
60.72,59.77,0.96,-36.78
59.88,59.77,0.12,-42.157
59.03,59.77,-0.73,-48.333
58.18,59.77,-1.59,-55.315
57.31,56.25,1.06,-35.734
56.43,56.25,0.18,-41.298
55.55,56.25,-0.7,-47.688
54.65,56.25,-1.6,-53.691
53.75,52.73,1.02,-34.378
52.84,52.73,0.1,-40.236
51.92,52.73,-0.82,-46.642
50.99,49.22,1.77,-28.971
50.06,49.22,0.84,-34.355
49.11,49.22,-0.11,-40.609
48.16,49.22,-1.06,-47.738
47.2,45.7,1.5,-30.511
46.23,45.7,0.53,-36.665
45.26,45.7,-0.44,-43.406
44.28,45.7,-1.42,-51.046
43.29,45.7,-2.41,-58.979
42.3,42.19,0.11,-41.359
41.3,42.19,-0.89,-48.671
40.29,42.19,-1.9,-56.901
39.27,38.67,0.6,-40.813
38.25,38.67,-0.42,-48.145
37.23,38.67,-1.45,-56.103
36.19,38.67,-2.48,-64.994
35.15,35.16,0,-49.585
34.11,35.16,-1.05,-57.306
33.06,35.16,-2.09,-65.973
32.01,35.16,-3.15,-75.284
30.95,31.64,-0.69,-59.088
29.88,31.64,-1.76,-67.561
28.81,31.64,-2.83,-76.992
27.74,28.12,-0.38,-62.451
26.66,28.12,-1.46,-70.757
25.58,28.12,-2.54,-80.03
24.49,24.61,-0.12,-64.728
23.4,24.61,-1.21,-72.89
22.31,24.61,-2.3,-82.026
21.21,21.09,0.12,-66.897
20.11,21.09,-0.98,-74.934
19.01,21.09,-2.09,-83.951
17.9,17.58,0.32,-68.707
16.79,17.58,-0.79,-76.634
15.68,17.58,-1.9,-85.543
14.56,17.58,-3.01,-95.13
13.45,14.06,-0.61,-78.632
12.33,14.06,-1.73,-87.444
11.21,14.06,-2.86,-96.631
10.08,10.55,-0.46,-80.345
8.96,10.55,-1.59,-89.063
7.83,10.55,-2.71,-98.158
6.71,7.03,-0.32,-81.474
5.58,7.03,-1.45,-90.101
4.45,3.52,0.93,-75.083
3.32,3.52,-0.2,-82.935
2.19,3.52,-1.33,-90.856
1.06,0,1.06,-74.214
-0.07,0,-0.07,-81.66
-1.2,0,-1.2,-89.782
-2.33,-3.52,1.18,-72.424
-3.46,-3.52,0.05,-79.759
-4.59,-7.03,2.44,-63.136
-5.72,-7.03,1.31,-69.676
-6.85,-7.03,0.18,-76.885
-7.98,-10.55,2.57,-60.436
-9.1,-10.55,1.44,-67.143
-10.23,-10.55,0.32,-74.208
-11.35,-10.55,-0.8,-82.235
-12.47,-14.06,1.59,-64.153
-13.59,-14.06,0.47,-71.05
-14.71,-14.06,-0.65,-78.596
-15.82,-17.58,1.76,-61.549
-16.93,-17.58,0.64,-68.251
-18.04,-17.58,-0.47,-75.592
-19.15,-17.58,-1.57,-82.349
-20.25,-21.09,0.84,-64.499
-21.35,-21.09,-0.26,-71.603
-22.45,-24.61,2.16,-55.008
-23.54,-24.61,1.07,-61.221
-24.63,-24.61,-0.02,-68.051
-25.72,-28.12,2.41,-51.168
-26.8,-28.12,1.32,-57.081
-27.88,-28.12,0.25,-63.901
-28.95,-28.12,-0.83,-71.624
-30.02,-31.64,1.62,-54.394
-31.08,-31.64,0.56,-60.856
-32.14,-31.64,-0.5,-68.204
-33.2,-35.16,1.96,-50.584
-34.24,-35.16,0.91,-56.638
-35.29,-35.16,-0.13,-63.563
-36.33,-38.67,2.35,-46.111
-37.36,-38.67,1.31,-51.707
-38.38,-38.67,0.29,-58.154
-39.4,-38.67,-0.73,-65.141
-40.42,-42.19,1.77,-45.898
-41.42,-42.19,0.76,-51.811
-42.42,-42.19,-0.24,-58.245
-43.42,-42.19,-1.23,-65.803
-44.41,-45.7,1.3,-46.797
-45.39,-45.7,0.32,-52.92
-46.36,-45.7,-0.66,-59.842
-47.32,-45.7,-1.62,-66.943
-48.28,-49.22,0.94,-48.062
-49.23,-49.22,-0.01,-54.28
-50.18,-49.22,-0.96,-60.656
-51.11,-52.73,1.62,-42.246
-52.04,-52.73,0.7,-47.692
-52.96,-52.73,-0.22,-53.576
-53.87,-56.25,2.38,-35.875
-54.77,-56.25,1.48,-40.479
-55.66,-56.25,0.59,-45.803
-56.55,-56.25,-0.3,-51.837
-57.42,-56.25,-1.17,-58.267
-58.29,-59.77,1.48,-38.319
-59.15,-59.77,0.62,-43.38
-59.99,-63.28,3.29,-24.487
-60.83,-63.28,2.45,-30.279
-61.66,-63.28,1.62,-34.897
-62.48,-63.28,0.8,-39.552
-63.29,-63.28,-0.01,-44.845
-64.09,-63.28,-0.81,-50.766
-64.88,-66.8,1.92,-30.541
-65.66,-66.8,1.14,-34.64
-66.43,-66.8,0.37,-39.032
-67.19,-66.8,-0.39,-44.014
-67.93,-70.31,2.38,-23.726
-68.67,-70.31,1.64,-27.111
-69.4,-70.31,0.92,-31.055
-70.11,-70.31,0.2,-35.548
-70.81,-70.31,-0.5,-40.579
-71.51,-73.83,2.32,-19.373
-72.19,-73.83,1.64,-22.399
-72.86,-73.83,0.97,-25.932
-73.52,-73.83,0.31,-29.961
-74.16,-73.83,-0.34,-34.476
-74.8,-77.34,2.55,-13.92
-75.42,-77.34,1.92,-16.323
-76.03,-77.34,1.31,-19.177
-76.63,-77.34,0.71,-22.474
-77.22,-77.34,0.12,-26.201
-77.8,-77.34,-0.45,-30.347
-78.36,-77.34,-1.01,-34.902
-78.91,-80.86,1.95,-14.309
-79.45,-80.86,1.41,-16.595
-79.97,-80.86,0.89,-19.254
-80.48,-80.86,0.38,-22.276
-80.98,-80.86,-0.12,-25.649
-81.47,-80.86,-0.61,-29.362
-81.95,-80.86,-1.09,-33.096
-82.41,-84.37,1.97,-11.907
-82.86,-84.37,1.52,-13.821
-83.29,-84.37,1.08,-15.722
-83.71,-84.37,0.66,-17.904
-84.12,-84.37,0.25,-20.353
-84.52,-84.37,-0.14,-23.06
-84.9,-84.37,-0.52,-26.01
-85.27,-84.37,-0.89,-28.888
-85.62,-84.37,-1.25,-32.292
-85.96,-84.37,-1.59,-35.599
-86.29,-87.89,1.6,-13.252
-86.61,-84.37,-2.23,-39.127
-86.91,-87.89,0.98,-15.915
-87.2,-87.89,0.69,-17.188
-87.47,-87.89,0.42,-18.607
-87.73,-87.89,0.16,-20.161
-87.97,-87.89,-0.08,-21.533
-88.21,-87.89,-0.32,-23.321
-88.42,-87.89,-0.53,-25.206
-88.63,-87.89,-0.74,-26.872
-88.82,-91.41,2.59,-2.762
-88.99,-91.41,2.41,-1.816
-89.15,-91.41,2.25,-0.919
-89.3,-91.41,2.1,-0.058
-89.44,-91.41,1.97,0.779
-89.56,-91.41,1.85,1.605
-89.66,-91.41,1.75,2.431
-89.75,-91.41,1.65,3.272
-89.83,-91.41,1.58,4.138
-89.89,-91.41,1.51,5.043
-89.94,-91.41,1.47,5.998
-89.97,-91.41,1.43,7.016
-89.99,-91.41,1.41,8.11
-90,-91.41,1.41,9.292
-89.99,-91.41,1.41,10.573
-89.97,-91.41,1.44,11.968
-89.93,-91.41,1.47,13.487
-89.88,-91.41,1.53,15.143
-89.82,-91.41,1.59,16.948
-89.74,-91.41,1.67,18.915
-89.64,-91.41,1.76,21.056
-89.53,-91.41,1.87,23.383
-89.41,-91.41,1.99,25.908
-89.28,-91.41,2.13,28.644
-89.13,-91.41,2.28,31.602
-88.96,-91.41,2.44,34.795
-88.78,-91.41,2.62,38.234
-88.59,-91.41,2.81,41.931
-88.39,-91.41,3.02,45.899
-88.16,-91.41,3.24,50.15
-87.93,-91.41,3.48,54.695
-87.68,-91.41,3.72,59.546
-87.42,-91.41,3.99,64.41
-87.14,-87.89,0.75,42.533
-86.86,-87.89,1.04,45.321
-86.55,-87.89,1.34,48.463
-86.23,-87.89,1.66,51.969
-85.9,-87.89,1.99,55.851
-85.56,-84.37,-1.18,34.271
-85.2,-84.37,-0.83,35.888
-84.83,-84.37,-0.46,37.915
-84.45,-84.37,-0.07,40.364
-84.05,-84.37,0.33,43.245
-83.64,-80.86,-2.78,20.719
-83.21,-80.86,-2.35,21.753
-82.77,-80.86,-1.92,22.947
-82.32,-80.86,-1.46,24.617
-81.86,-80.86,-1,26.775
-81.38,-80.86,-0.52,29.431
-80.89,-77.34,-3.55,5.831
-80.39,-77.34,-3.05,6.464
-79.88,-77.34,-2.53,7.627
-79.35,-77.34,-2.01,9.33
-78.81,-77.34,-1.47,11.584
-78.26,-77.34,-0.91,14.399
-77.69,-77.34,-0.35,17.785
-77.11,-77.34,0.23,21.752
-76.53,-77.34,0.82,26.31
-75.92,-77.34,1.42,31.468
-75.31,-77.34,2.03,37.238
-74.68,-73.83,-0.86,18.693
-74.05,-73.83,-0.22,25.103
-73.4,-73.83,0.43,30.322
-72.74,-73.83,1.09,35.581
-72.07,-73.83,1.76,41.497
-71.38,-73.83,2.45,48.385
-70.69,-73.83,3.14,55.646
-69.98,-73.83,3.85,63.591
-69.26,-70.31,1.05,47.296
-68.54,-70.31,1.78,53.894
-67.8,-70.31,2.51,60.898
-67.05,-70.31,3.26,68.623
-66.29,-70.31,4.02,77.076
-65.52,-66.8,1.28,61.331
-64.74,-66.8,2.06,68.216
-63.95,-66.8,2.85,75.854
-63.15,-66.8,3.65,83.948
-62.33,-63.28,0.95,66.351
-61.51,-63.28,1.77,73.246
-60.68,-63.28,2.6,80.925
-59.84,-59.77,-0.08,64.461
-58.99,-59.77,0.77,70.985
-58.13,-59.77,1.63,78.315
-57.26,-59.77,2.5,86.154
-56.39,-56.25,-0.14,68.353
-55.5,-56.25,0.75,75.094
-54.61,-56.25,1.64,82.364
-53.7,-56.25,2.55,89.865
-52.79,-52.73,-0.06,72.057
-51.87,-52.73,0.86,78.817
-50.94,-52.73,1.79,86.131
-50,-49.22,-0.79,67.545
-49.06,-49.22,0.16,73.85
-48.11,-49.22,1.11,81.033
-47.15,-49.22,2.07,88.793
-46.18,-45.7,-0.48,70.371
-45.2,-45.7,0.5,77.167
-44.22,-45.7,1.48,84.557
-43.23,-42.19,-1.05,66.085
-42.24,-42.19,-0.05,72.846
-41.24,-42.19,0.95,80.216
-40.23,-38.67,-1.55,63.569
-39.21,-38.67,-0.54,69.729
-38.19,-38.67,0.48,76.816
-37.16,-38.67,1.51,84.834
-36.13,-35.16,-0.97,67.021
-35.09,-35.16,0.07,73.862
-34.05,-35.16,1.11,81.646
-33,-31.64,-1.35,64.22
-31.94,-31.64,-0.3,70.849
-30.88,-31.64,0.76,78.431
-29.81,-28.12,-1.69,61.73
-28.74,-28.12,-0.62,68.482
-27.67,-28.12,0.45,75.89
-26.59,-28.12,1.53,84.263
-25.51,-24.61,-0.9,67.754
-24.42,-24.61,0.19,75.318
-23.33,-24.61,1.28,83.55
-22.24,-24.61,2.37,91.534
-21.14,-21.09,-0.04,74.34
-20.04,-21.09,1.06,82.448
-18.93,-21.09,2.16,91.23
-17.82,-17.58,-0.25,75.143
-16.71,-17.58,0.86,83.142
-15.6,-17.58,1.98,92.124
-14.49,-17.58,3.09,99.954
-13.37,-14.06,0.69,83.53
-12.25,-14.06,1.81,92.416
-11.13,-14.06,2.94,100
-10,-10.55,0.54,85.162
-8.88,-10.55,1.67,93.956
-7.75,-7.03,-0.72,78.803
-6.62,-7.03,0.41,86.52
-5.49,-7.03,1.54,95.224
-4.36,-7.03,2.67,100
-3.23,-3.52,0.28,88.824
-2.1,-3.52,1.41,97.434
-0.97,-3.52,2.54,100
0.16,0,0.16,90.227
1.29,0,1.29,98.734
2.42,3.52,-1.09,82.676
3.55,3.52,0.04,90.091
4.68,3.52,1.17,98.178
5.81,7.03,-1.22,80.476
6.94,7.03,-0.09,87.766
8.07,7.03,1.04,96.028
9.2,10.55,-1.35,78.493
10.32,10.55,-0.23,85.639
11.44,10.55,0.9,93.749
12.56,14.06,-1.5,76.055
13.68,14.06,-0.38,83.034
14.8,14.06,0.74,90.968
15.92,17.58,-1.66,72.785
17.03,17.58,-0.55,79.57
18.14,17.58,0.56,87.299
19.24,21.09,-1.85,70.426
20.35,17.58,2.77,100
21.45,21.09,0.35,84.783
22.55,24.61,-2.06,68.27
23.64,24.61,-0.97,74.873
24.73,24.61,0.12,82.092
25.81,24.61,1.21,90.228
26.9,28.12,-1.23,72.511
27.97,28.12,-0.15,79.415
29.05,28.12,0.92,87.222
30.12,31.64,-1.52,69.466
31.18,31.64,-0.46,76.011
32.24,31.64,0.6,83.443
33.29,31.64,1.65,91.452
34.34,35.16,-0.82,73.266
35.38,35.16,0.23,80.273
36.42,35.16,1.27,87.84
37.45,38.67,-1.22,70.109
38.48,38.67,-0.19,77.249
39.5,38.67,0.83,84.625
40.51,42.19,-1.68,68.209
41.52,42.19,-0.67,74.51
42.52,42.19,0.33,81.331
43.51,45.7,-2.19,63.731
44.5,45.7,-1.2,69.741
45.48,45.7,-0.22,75.946
46.45,45.7,0.75,82.947
47.42,49.22,-1.8,64.584
48.38,49.22,-0.84,70.107
49.33,49.22,0.11,76.405
50.27,52.73,-2.47,58.536
51.2,52.73,-1.53,63.919
52.13,52.73,-0.6,69.443
53.05,52.73,0.31,75.71
53.96,56.25,-2.29,56.252
54.86,56.25,-1.39,61.234
55.75,56.25,-0.5,66.63
56.64,56.25,0.39,71.514
57.51,59.77,-2.26,51.25
58.38,59.77,-1.39,55.697
59.23,59.77,-0.53,60.827
60.08,63.28,-3.2,41.696
60.92,63.28,-2.36,45.114
61.75,63.28,-1.54,49.187
62.56,63.28,-0.72,53.907
63.37,66.8,-3.42,34.024
64.17,66.8,-2.63,36.958
64.96,66.8,-1.84,40.51
65.74,66.8,-1.06,44.669
66.5,66.8,-0.29,49.122
67.26,70.31,-3.05,27.397
68.01,70.31,-2.3,30.271
68.74,70.31,-1.57,33.713
69.47,70.31,-0.84,37.712
70.18,73.83,-3.65,17.326
70.88,73.83,-2.94,19.665
71.58,73.83,-2.25,22.226
72.26,73.83,-1.57,25.304
72.93,73.83,-0.9,28.582
73.58,73.83,-0.25,32.661
74.23,73.83,0.4,37.224
74.86,77.34,-2.48,15.8
75.48,77.34,-1.86,18.249
76.09,73.83,2.27,45.778
76.69,77.34,-0.65,24.794
77.28,77.34,-0.07,28.564
77.85,77.34,0.51,32.752
78.41,77.34,1.07,37.347
78.96,77.34,1.62,42.338
79.5,80.86,-1.36,21.253
80.02,80.86,-0.84,24.255
80.54,80.86,-0.32,27.313
81.03,80.86,0.17,30.721
81.52,80.86,0.66,34.467
81.99,80.86,1.13,38.539
82.45,80.86,1.59,42.62
82.9,80.86,2.04,47.005
83.33,84.37,-1.04,26.136
83.75,84.37,-0.62,28.345
84.16,84.37,-0.21,30.821
84.56,84.37,0.18,33.858
84.94,84.37,0.56,36.833
85.3,84.37,0.93,40.039
85.66,87.89,-2.23,17.614
86,87.89,-1.89,18.195
86.33,87.89,-1.57,18.971
86.64,87.89,-1.25,20.235
86.94,87.89,-0.95,21.365
87.22,87.89,-0.67,22.652
87.5,87.89,-0.39,24.086
87.75,87.89,-0.14,25.653
88,91.41,-3.41,2.712
88.23,91.41,-3.18,1.764
88.44,91.41,-2.96,0.608
88.65,87.89,0.76,24.166
88.84,91.41,-2.57,-1.158
89.01,91.41,-2.4,-2.098
89.17,91.41,-2.24,-2.686
89.32,91.41,-2.09,-3.544
89.45,91.41,-1.96,-4.38
89.57,91.41,-1.84,-4.9
89.67,91.41,-1.74,-5.728
89.76,91.41,-1.65,-6.57
89.84,91.41,-1.57,-7.135
89.9,91.41,-1.51,-8.044
89.94,91.41,-1.46,-9.005
89.98,91.41,-1.43,-9.726
90,91.41,-1.41,-10.828
90,91.41,-1.41,-12.019
89.99,91.41,-1.42,-13.312
89.97,91.41,-1.44,-14.718
89.93,91.41,-1.48,-15.945
89.88,91.41,-1.53,-17.616
89.81,91.41,-1.6,-19.437
89.73,91.41,-1.68,-21.116
89.63,91.41,-1.77,-23.276
89.52,91.41,-1.88,-25.622
89.4,91.41,-2.01,-27.863
89.26,91.41,-2.14,-30.62
89.11,91.41,-2.3,-33.602
88.94,91.41,-2.46,-36.514
88.77,91.41,-2.64,-39.978
88.57,91.41,-2.83,-43.703
88.36,91.41,-3.04,-47.394
88.14,91.41,-3.26,-51.674
87.91,87.89,0.02,-30.094
87.66,87.89,-0.23,-32.231
87.39,87.89,-0.5,-34.382
87.12,87.89,-0.77,-36.863
86.82,87.89,-1.07,-39.687
86.52,84.37,2.15,-17.015
86.2,84.37,1.83,-17.508
85.87,84.37,1.49,-18.378
85.52,84.37,1.15,-19.636
85.17,84.37,0.79,-20.989
84.79,80.86,3.93,2.486
84.41,80.86,3.55,2.741
84.01,80.86,3.15,2.561
83.59,80.86,2.74,2.242
83.17,80.86,2.31,1.467
82.73,80.86,1.87,0.225
82.28,80.86,1.42,-1.494
81.81,80.86,0.95,-3.396
81.34,80.86,0.48,-6.103
80.84,80.86,-0.02,-9.32
80.34,80.86,-0.52,-12.751
79.82,80.86,-1.04,-17.019
79.3,80.86,-1.56,-21.828
78.75,80.86,-2.11,-26.884
78.2,80.86,-2.66,-32.807
77.63,80.86,-3.23,-39.302
77.06,80.86,-3.8,-46.074
76.46,77.34,-0.88,-27.588
75.86,77.34,-1.48,-32.808
75.25,77.34,-2.1,-38.64
74.62,77.34,-2.72,-45.093
73.98,73.83,0.15,-27.548
73.33,77.34,-4.01,-59.598
72.67,73.83,-1.16,-41.818
72,73.83,-1.83,-48.106
71.31,73.83,-2.52,-54.758
70.62,73.83,-3.21,-62.087
69.91,70.31,-0.4,-44.252
69.19,70.31,-1.12,-49.912
68.46,70.31,-1.85,-56.276
67.72,70.31,-2.59,-62.437
66.97,66.8,0.18,-43.165
66.21,66.8,-0.59,-48.641
65.44,66.8,-1.36,-54.551
64.66,63.28,1.38,-35.967
63.87,63.28,0.58,-41.241
63.06,63.28,-0.22,-46.666
62.25,63.28,-1.03,-52.862
61.43,59.77,1.66,-34.595
60.6,59.77,0.83,-39.303
59.76,59.77,-0.01,-44.803
58.91,59.77,-0.86,-50.798
58.05,59.77,-1.72,-57.6
57.18,56.25,0.93,-38.146
56.3,56.25,0.05,-43.533
55.41,56.25,-0.84,-50.053
54.51,52.73,1.78,-30.642
53.61,52.73,0.88,-35.787
52.7,52.73,-0.04,-41.779
51.78,52.73,-0.96,-48.626
50.85,49.22,1.63,-30.177
49.91,49.22,0.69,-35.698
48.96,45.7,3.26,-17.462
48.01,49.22,-1.21,-49.058
47.05,45.7,1.35,-31.057
46.08,45.7,0.38,-37.049
45.11,45.7,-0.6,-43.631
44.12,45.7,-1.58,-51.417
43.13,42.19,0.95,-34.562
42.14,42.19,-0.05,-41.11
41.13,42.19,-1.05,-48.573
40.12,42.19,-2.06,-56.648
39.11,38.67,0.44,-40.407
38.09,38.67,-0.59,-47.587
37.06,38.67,-1.61,-55.699
36.02,38.67,-2.65,-64.747
34.98,38.67,-3.69,-74.123
33.94,35.16,-1.22,-57.678
32.89,35.16,-2.27,-66.504
31.83,35.16,-3.32,-75.974
30.77,31.64,-0.87,-59.328
29.71,31.64,-1.93,-67.963
28.64,31.64,-3,-77.252
27.56,28.12,-0.56,-62.57
26.48,28.12,-1.64,-71.041
25.4,28.12,-2.73,-80.174
24.31,24.61,-0.3,-65.342
23.22,24.61,-1.39,-73.672
22.13,24.61,-2.48,-82.671
21.03,21.09,-0.07,-68.016
19.93,21.09,-1.17,-76.222
18.82,21.09,-2.27,-85.409
17.71,17.58,0.13,-70.031
16.6,17.58,-0.98,-78.129
15.49,17.58,-2.09,-87.211
14.37,17.58,-3.21,-96.971
13.25,14.06,-0.81,-80.647
12.13,14.06,-1.93,-89.632
11.01,10.55,0.47,-74.364
9.89,10.55,-0.66,-82.272
8.76,10.55,-1.78,-91.167
7.64,10.55,-2.91,-99.828
6.51,7.03,-0.52,-83.625
5.38,7.03,-1.65,-92.429
4.25,3.52,0.73,-77.284
3.12,3.52,-0.4,-85.313
1.99,3.52,-1.53,-94.022
0.86,3.52,-2.66,-100
-0.27,0,-0.27,-85.489
-1.41,0,-1.41,-94.095
-2.54,-3.52,0.98,-76.306
-3.67,-3.52,-0.15,-83.82
-4.8,-7.03,2.23,-67.071
-5.93,-7.03,1.1,-73.486
-7.06,-7.03,-0.02,-80.875
-8.18,-7.03,-1.15,-89.234
-9.31,-10.55,1.24,-71.798
-10.43,-10.55,0.11,-79.041
-11.56,-10.55,-1.01,-87.249
-12.68,-14.06,1.39,-69.652
-13.8,-14.06,0.27,-76.727
-14.91,-14.06,-0.85,-84.758
-16.03,-17.58,1.55,-67.281
-17.14,-17.58,0.44,-74.161
-18.25,-21.09,2.84,-57.357
-19.36,-21.09,1.74,-63.073
-20.46,-21.09,0.63,-69.726
-21.56,-21.09,-0.47,-77.008
-22.66,-24.61,1.95,-59.674
-23.75,-24.61,0.86,-66.065
-24.84,-24.61,-0.23,-73.071
-25.92,-28.12,2.2,-55.45
-27.01,-28.12,1.12,-61.539
-28.08,-28.12,0.04,-68.534
-29.16,-31.64,2.49,-51.802
-30.22,-31.64,1.42,-57.546
-31.29,-31.64,0.35,-64.182
-32.35,-31.64,-0.7,-71.399
-33.4,-35.16,1.76,-53.035
-34.45,-35.16,0.71,-59.262
-35.49,-35.16,-0.33,-66.357
-36.53,-38.67,2.15,-48.771
-37.56,-38.67,1.11,-54.535
-38.58,-38.67,0.09,-61.151
-39.6,-42.19,2.59,-43.067
-40.61,-42.19,1.57,-48.314
-41.62,-42.19,0.57,-54.393
-42.62,-42.19,-0.43,-60.992
-43.61,-45.7,2.09,-43.474
-44.6,-45.7,1.1,-48.956
-45.58,-45.7,0.12,-54.936
-46.55,-45.7,-0.85,-62.018
-47.52,-49.22,1.7,-43.125
-48.47,-49.22,0.75,-48.726
-49.42,-49.22,-0.2,-55.102
-50.36,-52.73,2.37,-37.614
-51.3,-52.73,1.44,-42.769
-52.22,-52.73,0.51,-48.063
-53.14,-52.73,-0.41,-54.1
-54.05,-56.25,2.2,-34.715
-54.95,-56.25,1.3,-39.465
-55.84,-56.25,0.41,-44.933
-56.72,-56.25,-0.47,-51.109
-57.6,-59.77,2.17,-33.05
-58.46,-59.77,1.3,-37.871
-59.32,-59.77,0.45,-43.07
-60.16,-59.77,-0.4,-48.941
-61,-63.28,2.28,-30.237
-61.83,-63.28,1.45,-34.376
-62.65,-63.28,0.64,-39.161
-63.45,-63.28,-0.17,-44.582
-64.25,-63.28,-0.97,-50.629
-65.04,-66.8,1.76,-30.223
-65.81,-66.8,0.98,-34.443
-66.58,-66.8,0.22,-39.261
-67.34,-66.8,-0.54,-44.361
-68.08,-66.8,-1.29,-47.597
-68.82,-70.31,1.5,-26.772
-69.54,-70.31,0.77,-30.827
-70.25,-70.31,0.06,-35.43
-70.96,-70.31,-0.64,-40.569
-71.65,-73.83,2.18,-19.773
-72.32,-73.83,1.5,-23.208
-72.99,-73.83,0.84,-26.842
-73.65,-73.83,0.18,-30.97
-74.29,-73.83,-0.46,-35.582
-74.93,-77.34,2.42,-16.036
-75.55,-77.34,1.8,-18.836
-76.16,-77.34,1.19,-21.781
-76.75,-77.34,0.59,-25.165
-77.34,-77.34,0.01,-28.978
-77.91,-77.34,-0.57,-33.208
-78.47,-80.86,2.39,-12.299
-79.02,-77.34,-1.67,-38.907
-79.55,-80.86,1.31,-16.945
-80.08,-80.86,0.78,-19.679
-80.59,-80.86,0.27,-22.773
-81.08,-80.86,-0.22,-26.216
-81.57,-80.86,-0.71,-29.69
-82.04,-84.37,2.34,-8.86
-82.5,-80.86,-1.64,-34.857
-82.94,-84.37,1.43,-12.201
-83.38,-84.37,1,-14.16
-83.8,-84.37,0.58,-16.397
-84.2,-84.37,0.17,-18.899
-84.6,-84.37,-0.22,-21.656
-84.97,-84.37,-0.6,-24.654
-85.34,-84.37,-0.97,-27.883
-85.69,-84.37,-1.32,-31.33
-86.03,-84.37,-1.66,-34.982
-86.36,-87.89,1.53,-14.198
-86.67,-87.89,1.22,-15.175
-86.97,-87.89,0.92,-16.321
-87.25,-87.89,0.64,-17.624
-87.52,-87.89,0.37,-19.072
-87.78,-87.89,0.11,-20.652
-88.02,-87.89,-0.13,-22.352
-88.25,-87.89,-0.36,-24.161
-88.47,-87.89,-0.58,-26.064
-88.67,-87.89,-0.78,-27.746
-88.85,-91.41,2.55,-4.869
-89.03,-91.41,2.38,-5.155
-89.19,-91.41,2.22,-4.571
-89.33,-91.41,2.08,-3.716
-89.46,-91.41,1.94,-2.882
-89.58,-91.41,1.83,-2.057
-89.68,-91.41,1.73,-1.229
-89.77,-91.41,1.64,-0.384
-89.84,-91.41,1.56,0.489
-89.9,-91.41,1.5,1.403
-89.95,-91.41,1.46,2.37
-89.98,-91.41,1.43,3.402
-90,-91.41,1.41,4.513
-90,-91.41,1.41,5.713
-89.99,-91.41,1.42,7.017
-89.96,-91.41,1.44,8.435
-89.92,-91.41,1.48,9.981
-89.87,-91.41,1.54,11.666
-89.8,-91.41,1.61,13.503
-89.72,-91.41,1.69,15.505
-89.62,-91.41,1.78,17.682
-89.51,-91.41,1.89,20.048
-89.39,-91.41,2.02,22.615
-89.25,-91.41,2.16,25.395
-89.09,-91.41,2.31,28.399
-88.93,-91.41,2.48,31.64
-88.75,-91.41,2.66,35.131
-88.55,-91.41,2.86,38.882
-88.34,-91.41,3.06,42.906
-88.12,-91.41,3.29,47.215
-87.88,-91.41,3.52,51.821
-87.63,-91.41,3.78,56.735
-87.37,-91.41,4.04,61.97
-87.09,-91.41,4.32,67.536
-86.79,-87.89,1.1,48.206
-86.49,-87.89,1.4,52.031
-86.17,-87.89,1.72,55.612
-85.84,-87.89,2.06,59.572
-85.49,-87.89,2.4,63.615
-85.13,-84.37,-0.75,42.516
-84.75,-84.37,-0.38,44.627
-84.37,-84.37,0.01,47.162
-83.97,-84.37,0.41,50.132
-83.55,-84.37,0.82,52.938
-83.13,-80.86,-2.27,30.35
-82.68,-80.86,-1.83,31.64
-82.23,-80.86,-1.37,33.408
-81.77,-80.86,-0.91,35.666
-81.29,-77.34,-3.94,12.879
-80.79,-77.34,-3.45,13.097
-80.29,-77.34,-2.95,14.142
-79.77,-77.34,-2.43,15.413
-79.24,-77.34,-1.9,17.227
-78.7,-77.34,-1.35,19.593
-78.14,-77.34,-0.8,21.912
-77.58,-77.34,-0.23,24.805
-77,-73.83,-3.17,1.515
-76.4,-73.83,-2.58,3.143
-75.8,-73.83,-1.97,5.678
-75.18,-73.83,-1.36,8.522
-74.56,-73.83,-0.73,11.988
-73.92,-73.83,-0.09,16.085
-73.27,-73.83,0.56,21.13
-72.6,-73.83,1.23,26.52
-71.93,-73.83,1.9,32.571
-71.24,-73.83,2.59,39.29
-70.55,-73.83,3.28,46.688
-69.84,-73.83,3.99,54.773
-69.12,-73.83,4.71,63.554
-68.39,-70.31,1.92,47.496
-67.65,-70.31,2.66,54.645
-66.9,-70.31,3.42,62.821
-66.13,-70.31,4.18,71.422
-65.36,-70.31,4.95,80.762
-64.58,-66.8,2.22,65.914
-63.79,-66.8,3.01,73.706
-62.98,-66.8,3.81,82.26
-62.17,-66.8,4.63,91.584
-61.35,-63.28,1.94,75.228
-60.51,-63.28,2.77,83.066
-59.67,-63.28,3.61,91.698
-58.82,-63.28,4.46,100
-57.96,-59.77,1.81,83.385
-57.09,-59.77,2.68,91.389
-56.21,-56.25,0.04,75.585
-55.32,-56.25,0.93,82.494
-54.42,-56.25,1.83,89.934
-53.52,-56.25,2.73,98.215
-52.6,-52.73,0.13,80.884
-51.68,-52.73,1.05,87.817
-50.75,-49.22,-1.53,70.981
-49.81,-49.22,-0.59,76.896
-48.87,-49.22,0.35,83.378
-47.91,-49.22,1.31,90.738
-46.95,-45.7,-1.25,74.353
-45.98,-45.7,-0.28,80.741
-45.01,-45.7,0.7,87.719
-44.02,-42.19,-1.84,70.356
-43.03,-42.19,-0.85,77.002
-42.04,-42.19,0.15,83.643
-41.03,-42.19,1.16,90.893
-40.02,-38.67,-1.35,72.297
-39.01,-38.67,-0.33,78.643
-37.98,-38.67,0.69,85.918
-36.95,-35.16,-1.8,67.359
-35.92,-35.16,-0.76,73.45
-34.88,-35.16,0.28,80.481
-33.83,-31.64,-2.19,62.606
-32.78,-31.64,-1.14,68.477
-31.73,-31.64,-0.09,74.993
-30.67,-31.64,0.98,82.768
-29.6,-28.12,-1.47,64.125
-28.53,-28.12,-0.4,71.071
-27.45,-28.12,0.67,78.675
-26.37,-28.12,1.75,86.938
-25.29,-24.61,-0.68,69.404
-24.2,-24.61,0.41,76.86
-23.11,-24.61,1.5,84.982
-22.01,-21.09,-0.92,67.009
-20.92,-21.09,0.18,74.947
-19.81,-21.09,1.28,83.252
-18.71,-17.58,-1.13,67.603
-17.6,-17.58,-0.02,74.818
-16.49,-17.58,1.09,83.015
-15.38,-14.06,-1.31,67.261
-14.26,-14.06,-0.2,74.681
-13.14,-14.06,0.92,83.085
-12.02,-14.06,2.04,92.172
-10.9,-10.55,-0.35,76.393
-9.78,-10.55,0.77,84.4
-8.65,-10.55,1.9,93.394
-7.52,-7.03,-0.49,78.135
-6.39,-7.03,0.64,86.052
-5.27,-7.03,1.77,94.955
-4.14,-7.03,2.9,100
-3.01,-3.52,0.51,88.038
-1.87,-3.52,1.64,96.846
-0.74,0,-0.74,81.398
0.39,0,0.39,89.122
1.52,0,1.52,97.827
2.65,0,2.65,100
3.78,3.52,0.27,89.579
4.91,3.52,1.4,98.169
6.04,7.03,-0.99,80.359
7.17,7.03,0.14,87.846
8.3,7.03,1.27,95.998
9.42,10.55,-1.12,79.879
10.55,10.55,0,87.525
11.67,10.55,1.12,95.525
12.79,14.06,-1.27,77.72
13.91,14.06,-0.15,84.892
15.03,14.06,0.96,93.019
16.14,17.58,-1.44,75.637
17.25,17.58,-0.33,82.613
18.36,17.58,0.78,90.534
19.47,21.09,-1.63,74.155
20.57,21.09,-0.52,81.208
21.67,21.09,0.58,88.889
22.77,24.61,-1.84,71.954
23.86,24.61,-0.75,78.438
24.95,24.61,0.34,85.844
26.03,28.12,-2.09,69.23
27.11,28.12,-1.01,75.716
28.19,28.12,0.07,82.803
29.26,31.64,-2.38,66.162
30.33,31.64,-1.31,72.301
31.39,31.64,-0.25,79.026
32.45,31.64,0.81,86.637
33.5,35.16,-1.65,68.972
34.55,35.16,-0.6,75.287
35.59,35.16,0.44,82.469
36.63,35.16,1.47,90.515
37.66,38.67,-1.01,72.346
38.69,38.67,0.01,79.048
39.7,38.67,1.03,86.593
40.72,42.19,-1.47,69.126
41.72,42.19,-0.47,75.29
42.72,42.19,0.53,82.277
43.71,42.19,1.53,89.166
44.7,45.7,-1,70.404
45.68,45.7,-0.03,76.771
46.65,45.7,0.95,83.933
47.61,49.22,-1.61,65.118
48.57,49.22,-0.65,70.798
49.52,49.22,0.3,77.252
50.46,52.73,-2.28,58.621
51.39,52.73,-1.34,63.546
52.32,52.73,-0.42,69.221
53.23,52.73,0.5,75.637
54.14,56.25,-2.11,56.021
55.04,56.25,-1.21,60.845
55.93,56.25,-0.32,66.384
56.81,59.77,-2.95,46.783
57.69,59.77,-2.08,50.678
58.55,59.77,-1.22,55.263
59.4,59.77,-0.36,60.53
60.25,63.28,-3.03,40.619
61.09,63.28,-2.2,44.17
61.91,63.28,-1.37,48.375
62.73,63.28,-0.55,53.225
63.53,66.8,-3.26,33.774
64.33,66.8,-2.47,37.139
65.12,66.8,-1.68,40.814
65.89,66.8,-0.9,45.095
66.66,70.31,-3.65,25.343
67.41,70.31,-2.9,28.061
68.16,70.31,-2.16,31.355
68.89,70.31,-1.42,34.91
69.61,70.31,-0.7,39.022
70.33,73.83,-3.5,18.44
71.03,73.83,-2.8,20.581
71.71,73.83,-2.11,23.248
72.39,73.83,-1.44,26.428
73.06,73.83,-0.77,30.113
73.71,73.83,-0.11,34.29
74.36,77.34,-2.99,14.015
74.99,77.34,-2.35,16.4
75.61,77.34,-1.74,19.246
76.22,77.34,-1.13,22.235
76.81,77.34,-0.53,25.664
77.4,77.34,0.05,29.519
77.97,77.34,0.62,33.79
78.53,77.34,1.18,38.161
79.07,77.34,1.73,42.62
79.61,80.86,-1.25,21.611
80.13,80.86,-0.73,24.688
80.64,80.86,-0.22,28.122
81.13,80.86,0.27,31.599
81.62,80.86,0.76,35.412
82.09,80.86,1.23,39.549
82.54,80.86,1.68,43.998
82.99,80.86,2.13,48.137
83.42,84.37,-0.96,26.105
83.84,84.37,-0.54,28.369
84.24,84.37,-0.13,30.898
84.63,84.37,0.26,33.679
85.01,84.37,0.64,36.702
85.38,84.37,1,39.648
85.73,84.37,1.35,40.674
86.07,87.89,-1.83,16.969
86.39,87.89,-1.5,17.78
86.7,87.89,-1.19,18.772
87,87.89,-0.89,19.932
87.28,87.89,-0.61,21.248
87.55,87.89,-0.34,22.707
87.8,87.89,-0.09,23.992
88.04,87.89,0.15,25.701
88.27,91.41,-3.13,1.362
88.48,91.41,-2.92,0.222
88.68,91.41,-2.72,-0.837
88.87,91.41,-2.54,-1.52
89.04,91.41,-2.36,-2.451
89.2,91.41,-2.21,-3.338
89.34,91.41,-2.06,-4.191
89.47,91.41,-1.93,-5.025
89.59,91.41,-1.82,-5.546
89.69,91.41,-1.72,-6.376
89.78,91.41,-1.63,-7.223
89.85,91.41,-1.56,-7.795
89.91,91.41,-1.5,-8.713
89.95,91.41,-1.46,-9.685
89.98,91.41,-1.43,-10.723
90,91.41,-1.41,-11.841
90,91.41,-1.41,-13.049
89.99,91.41,-1.42,-14.056
89.96,91.41,-1.45,-15.483
89.92,91.41,-1.49,-17.039
89.86,91.41,-1.54,-18.43
89.8,91.41,-1.61,-20.278
89.71,87.89,1.82,2.339
89.61,91.41,-1.79,-24.176
89.5,91.41,-1.9,-26.555
89.38,91.41,-2.03,-28.83
89.24,91.41,-2.17,-31.623
89.08,91.41,-2.32,-34.642
88.92,91.41,-2.49,-37.594
88.73,91.41,-2.67,-41.099
88.54,91.41,-2.87,-44.866
88.33,91.41,-3.08,-48.602
88.1,87.89,0.21,-26.773
87.87,87.89,-0.02,-28.345
87.62,87.89,-0.28,-30.225
87.35,87.89,-0.54,-32.426
87.07,87.89,-0.82,-34.96
86.78,87.89,-1.11,-36.922
86.47,84.37,2.1,-13.694
86.15,84.37,1.78,-14.243
85.82,84.37,1.44,-15.17
85.47,84.37,1.09,-16.182
85.11,84.37,0.73,-17.901
84.73,80.86,3.88,4.599
84.35,80.86,3.49,3.875
83.95,80.86,3.09,3.632
83.53,80.86,2.67,3.248
83.1,80.86,2.25,2.407
82.66,80.86,1.8,1.099
82.21,80.86,1.35,-0.689
81.74,80.86,0.88,-2.966
81.26,80.86,0.41,-5.742
80.77,80.86,-0.09,-9.03
80.27,80.86,-0.59,-12.839
79.75,80.86,-1.11,-17.18
79.22,80.86,-1.64,-22.063
78.68,80.86,-2.18,-27.498
78.12,80.86,-2.74,-33.496
77.55,80.86,-3.3,-40.067
76.98,80.86,-3.88,-46.916
76.38,80.86,-4.48,-54.663
75.78,80.86,-5.08,-63.012
75.16,77.34,-2.18,-45.513
74.54,77.34,-2.81,-52.047
73.9,77.34,-3.45,-59.211
73.25,77.34,-4.1,-67.017
72.58,73.83,-1.24,-50.233
71.91,73.83,-1.92,-56.298
71.22,73.83,-2.6,-63.032
70.53,73.83,-3.3,-70.444
69.82,70.31,-0.49,-51.472
69.1,70.31,-1.21,-57.216
68.37,70.31,-1.94,-63.664
67.63,66.8,0.83,-44.975
66.88,66.8,0.08,-49.805
66.12,66.8,-0.68,-55.367
65.35,66.8,-1.45,-61.361
64.56,63.28,1.28,-41.031
63.77,63.28,0.49,-45.781
62.97,63.28,-0.31,-50.986
62.16,59.77,2.39,-32.028
61.33,59.77,1.57,-36.036
60.5,59.77,0.74,-40.829
59.66,59.77,-0.11,-46.414
58.81,56.25,2.56,-28.171
57.95,56.25,1.7,-32.313
57.08,56.25,0.83,-37.269
56.2,56.25,-0.05,-42.436
55.31,52.73,2.58,-23.191
54.42,52.73,1.68,-27.58
53.51,52.73,0.78,-32.81
52.6,52.73,-0.13,-38.887
51.68,49.22,2.46,-20.578
50.75,49.22,1.53,-25.928
49.81,49.22,0.59,-31.534
48.87,49.22,-0.35,-38.011
47.91,49.22,-1.31,-45.366
46.95,45.7,1.25,-28.669
45.98,45.7,0.28,-34.744
45.01,45.7,-0.69,-41.713
44.03,45.7,-1.68,-49.581
43.04,45.7,-2.67,-58.047
42.04,42.19,-0.15,-41.268
41.04,42.19,-1.15,-48.811
40.03,42.19,-2.16,-57.272
39.01,42.19,-3.17,-66.656
37.99,38.67,-0.68,-49.896
36.96,38.67,-1.71,-58.086
35.93,38.67,-2.74,-67.212
34.89,38.67,-3.78,-77.277
33.85,35.16,-1.31,-61.213
32.8,35.16,-2.36,-70.115
31.74,35.16,-3.41,-79.967
30.68,31.64,-0.96,-64.006
29.62,31.64,-2.02,-72.715
28.55,28.12,0.42,-57.753
27.47,28.12,-0.65,-67.163
26.39,28.12,-1.73,-75.706
25.31,28.12,-2.81,-85.216
24.22,24.61,-0.38,-69.539
23.13,24.61,-1.48,-77.939
22.04,24.61,-2.57,-87.312
20.94,21.09,-0.15,-72.421
19.84,21.09,-1.25,-80.695
18.74,21.09,-2.36,-89.947
17.63,17.58,0.05,-74.635
16.52,17.58,-1.06,-82.799
15.41,17.58,-2.17,-91.944
14.29,14.06,0.23,-76.528
13.18,14.06,-0.89,-84.59
12.06,14.06,-2.01,-93.637
10.94,10.55,0.39,-77.515
9.81,10.55,-0.73,-85.482
8.69,10.55,-1.86,-94.434
7.56,7.03,0.53,-78.523
6.44,7.03,-0.6,-86.397
5.31,7.03,-1.72,-95.257
4.18,3.52,0.66,-79.25
3.05,3.52,-0.47,-87.028
1.92,0,1.92,-71.16
0.79,0,0.79,-78.464
-0.34,0,-0.34,-86.14
-1.47,-3.52,2.04,-69.86
-2.6,-3.52,0.91,-76.444
-3.73,-3.52,-0.21,-84.006
-4.86,-7.03,2.17,-66.694
-5.99,-7.03,1.04,-73.153
-7.12,-7.03,-0.08,-80.587
-8.24,-7.03,-1.21,-88.99
-9.37,-10.55,1.18,-71.596
-10.49,-10.55,0.06,-78.881
-11.61,-10.55,-1.06,-87.128
-12.73,-14.06,1.33,-69.266
-13.85,-14.06,0.21,-76.38
-14.97,-14.06,-0.9,-84.143
-16.08,-17.58,1.5,-66.701
-17.19,-17.58,0.39,-73.616
-18.3,-17.58,-0.72,-81.476
-19.4,-21.09,1.69,-63.511
-20.51,-21.09,0.59,-70.196
-21.6,-21.09,-0.51,-77.813
-22.7,-24.61,1.91,-59.29
-23.79,-24.61,0.82,-65.71
-24.88,-24.61,-0.27,-72.745
-25.96,-28.12,2.16,-54.235
-27.04,-28.12,1.08,-60.349
-28.12,-28.12,0,-67.064
-29.19,-31.64,2.45,-50.357
-30.26,-31.64,1.38,-56.123
-31.32,-31.64,0.32,-62.78
-32.38,-35.16,2.78,-45.693
-33.43,-35.16,1.73,-51.064
-34.48,-35.16,0.68,-57.309
-35.52,-35.16,-0.36,-64.423
-36.55,-38.67,2.12,-46.548
-37.58,-38.67,1.09,-52.329
-38.61,-38.67,0.06,-58.96
-39.63,-42.19,2.56,-41.805
-40.64,-42.19,1.55,-47.065
-41.64,-42.19,0.54,-53.157
-42.64,-42.19,-0.45,-59.768
-43.63,-45.7,2.07,-41.955
-44.62,-45.7,1.08,-47.447
-45.6,-45.7,0.11,-53.74
-46.57,-45.7,-0.87,-60.831
-47.53,-49.22,1.69,-41.944
-48.49,-49.22,0.73,-47.552
-49.44,-49.22,-0.22,-53.932
-50.38,-49.22,-1.16,-61.079
-51.31,-52.73,1.42,-41.913
-52.23,-52.73,0.5,-47.516
-53.15,-52.73,-0.42,-53.861
-54.06,-56.25,2.19,-35.392
-54.96,-56.25,1.29,-40.144
-55.85,-56.25,0.4,-45.612
-56.73,-56.25,-0.48,-51.788
-57.6,-56.25,-1.35,-58.357
-58.47,-59.77,1.3,-38.852
-59.32,-59.77,0.44,-44.048
-60.17,-59.77,-0.4,-49.917
-61,-63.28,2.28,-31.514
-61.83,-63.28,1.45,-35.954
-62.65,-63.28,0.63,-40.734
-63.45,-63.28,-0.17,-46.15
-64.25,-63.28,-0.97,-51.581
-65.04,-66.8,1.76,-30.863
-65.81,-66.8,0.98,-35.077
-66.58,-66.8,0.22,-39.887
-67.33,-70.31,2.98,-20.655
-68.08,-70.31,2.23,-23.579
-68.81,-70.31,1.5,-27.068
-69.54,-70.31,0.78,-31.115
-70.25,-70.31,0.07,-35.709
-70.95,-70.31,-0.64,-40.838
-71.64,-73.83,2.19,-20.947
-72.32,-73.83,1.51,-24.066
-72.98,-73.83,0.84,-27.69
-73.64,-73.83,0.19,-31.808
-74.28,-73.83,-0.46,-36.103
-74.92,-77.34,2.43,-15.936
-75.54,-77.34,1.81,-18.724
-76.14,-77.34,1.2,-21.657
-76.74,-77.34,0.6,-25.03
-77.33,-77.34,0.02,-28.831
-77.9,-77.34,-0.55,-32.744
-78.46,-77.34,-1.11,-37.062
-79.01,-80.86,1.85,-14.705
-79.54,-80.86,1.32,-17.36
-80.06,-80.86,0.8,-20.082
-80.57,-80.86,0.29,-23.164
-81.07,-80.86,-0.21,-26.289
-81.56,-80.86,-0.7,-30.057
-82.03,-84.37,2.35,-9.214
-82.49,-84.37,1.89,-10.57
-82.93,-84.37,1.44,-12.227
-83.36,-84.37,1.01,-14.174
-83.78,-84.37,0.59,-16.4
-84.19,-84.37,0.19,-18.891
-84.58,-84.37,-0.21,-21.637
-84.96,-84.37,-0.59,-24.625
-85.33,-84.37,-0.95,-27.843
-85.68,-84.37,-1.31,-30.975
-86.02,-84.37,-1.64,-34.617
-86.35,-84.37,-1.97,-38.454
-86.66,-87.89,1.23,-15.403
-86.96,-87.89,0.93,-16.845
-87.24,-87.89,0.65,-18.14
-87.51,-87.89,0.38,-19.58
-87.77,-87.89,0.12,-21.153
-88.01,-87.89,-0.12,-22.542
-88.24,-87.89,-0.35,-24.344
-88.46,-87.89,-0.57,-26.242
-88.66,-87.89,-0.77,-27.919
-88.85,-87.89,-0.95,-28.447
-89.02,-91.41,2.39,-3.489
-89.18,-91.41,2.23,-2.903
-89.32,-91.41,2.08,-2.045
-89.45,-91.41,1.95,-1.21
-89.57,-91.41,1.83,-0.384
-89.68,-91.41,1.73,0.445
-89.76,-91.41,1.64,1.289
-89.84,-91.41,1.57,2.161
-89.9,-91.41,1.51,3.072
-89.95,-91.41,1.46,4.036
-89.98,-91.41,1.43,5.065
-90,-91.41,1.41,6.17
-90,-91.41,1.41,7.366
-89.99,-91.41,1.42,8.662
-89.96,-91.41,1.44,10.073
-89.93,-91.41,1.48,11.61
-89.87,-91.41,1.53,13.286
-89.81,-91.41,1.6,15.112
-89.72,-91.41,1.68,17.102
-89.63,-91.41,1.78,19.267
-89.52,-91.41,1.89,21.619
-89.4,-91.41,2.01,24.171
-89.26,-91.41,2.15,26.934
-89.11,-91.41,2.3,29.921
-88.94,-91.41,2.47,33.144
-88.76,-91.41,2.65,36.615
-88.57,-91.41,2.84,40.346
-88.36,-91.41,3.05,44.348
-88.14,-91.41,3.27,48.633
-87.9,-91.41,3.51,52.91
-87.65,-91.41,3.76,57.798
-87.39,-91.41,4.02,63.005
-87.11,-87.89,0.78,42.693
-86.82,-87.89,1.07,45.828
-86.51,-87.89,1.38,49.011
-86.2,-87.89,1.69,52.255
-85.86,-87.89,2.03,56.18
-85.52,-87.89,2.37,59.883
-85.16,-84.37,-0.78,37.221
-84.79,-87.89,3.1,64.229
-84.4,-84.37,-0.03,42.4
-84,-84.37,0.37,45.329
-83.59,-80.86,-2.73,23.767
-83.16,-80.86,-2.3,24.545
-82.73,-80.86,-1.87,25.789
-82.27,-80.86,-1.41,27.51
-81.81,-80.86,-0.95,29.718
-81.33,-77.34,-3.99,7.186
-80.84,-77.34,-3.5,7.352
-80.34,-77.34,-2.99,8.039
-79.82,-77.34,-2.48,9.56
-79.29,-77.34,-1.95,11.317
-78.75,-77.34,-1.41,13.625
-78.2,-77.34,-0.86,16.495
-77.63,-77.34,-0.29,19.936
-77.06,-77.34,0.29,23.958
-76.47,-77.34,0.88,28.266
-75.86,-77.34,1.48,32.566
-75.25,-77.34,2.09,37.783
-74.62,-73.83,-0.8,17.159
-73.99,-73.83,-0.16,21.185
-73.34,-73.83,0.49,25.852
-72.68,-73.83,1.15,31.472
-72,-73.83,1.83,37.446
-71.32,-77.34,6.02,68.716
-70.62,-73.83,3.2,51.71
-69.92,-73.83,3.91,59.713
-69.2,-73.83,4.63,68.107
-68.47,-70.31,1.84,51.047
-67.73,-70.31,2.58,58.414
-66.98,-70.31,3.33,66.197
-66.22,-70.31,4.09,74.708
-65.45,-70.31,4.86,83.957
-64.67,-66.8,2.13,67.184
-63.88,-66.8,2.92,74.88
-63.08,-66.8,3.72,83.337
-62.27,-63.28,1.01,67.323
-61.45,-63.28,1.83,74.579
-60.62,-63.28,2.67,82.315
-59.78,-63.28,3.51,90.843
-58.93,-59.77,0.84,73.404
-58.07,-59.77,1.7,80.791
-57.2,-59.77,2.57,88.685
-56.32,-56.25,-0.07,71.855
-55.44,-56.25,0.81,78.652
-54.54,-56.25,1.71,85.977
-53.64,-56.25,2.61,94.141
-52.73,-52.73,0.01,76.997
-51.81,-52.73,0.93,83.811
-50.88,-52.73,1.86,91.484
-49.94,-49.22,-0.72,73.256
-49,-49.22,0.22,79.613
-48.04,-49.22,1.17,86.847
-47.08,-45.7,-1.38,70.029
-46.12,-45.7,-0.41,75.982
-45.14,-45.7,0.56,82.829
-44.16,-42.19,-1.97,65.943
-43.17,-42.19,-0.99,72.15
-42.18,-42.19,0.01,78.96
-41.18,-42.19,1.01,86.377
-40.17,-38.67,-1.5,69.167
-39.15,-38.67,-0.48,75.678
-38.13,-38.67,0.54,82.81
-37.11,-35.16,-1.95,65.634
-36.07,-35.16,-0.92,71.885
-35.03,-35.16,0.12,78.769
-33.99,-35.16,1.17,86.29
-32.94,-31.64,-1.3,67.992
-31.89,-31.64,-0.25,74.662
-30.83,-28.12,-2.7,57.959
-29.76,-31.64,1.88,88.726
-28.69,-28.12,-0.57,70.888
-27.62,-28.12,0.5,78.334
-26.54,-28.12,1.58,86.745
-25.46,-24.61,-0.85,69.356
-24.37,-24.61,0.24,76.956
-23.28,-24.61,1.33,85.222
-22.19,-21.09,-1.1,67.391
-21.09,-21.09,0,74.858
-19.99,-21.09,1.1,82.998
-18.89,-21.09,2.2,91.812
-17.78,-17.58,-0.2,74.84
-16.67,-17.58,0.9,82.868
-15.56,-17.58,2.02,91.878
-14.45,-14.06,-0.38,74.801
-13.33,-14.06,0.73,82.728
-12.21,-14.06,1.85,91.64
-11.09,-10.55,-0.54,76.296
-9.97,-10.55,0.58,84.128
-8.84,-10.55,1.7,92.946
-7.72,-7.03,-0.69,76.899
-6.59,-7.03,0.44,84.943
-5.46,-7.03,1.57,93.666
-4.33,-7.03,2.7,100
-3.21,-3.52,0.31,86.693
-2.08,-3.52,1.44,95.319
